Product Name,Total Purchased,Total Issued,Available,Min Required
Masking tape,1.00,0.00,1.00,1.00
Chati mate Ja- namaz ,1.00,0.00,1.00,1.00
Blanket,1.00,0.00,1.00,1.00
Kaleen  carpet ,1.00,0.00,1.00,1.00
Gas Stove ,1.00,0.00,1.00,1.00
Bhatti,1.00,0.00,1.00,1.00
T-20 Vatika Elite shield ,1.00,0.00,1.00,1.00
Watch Stand,1.00,0.00,1.00,1.00
Happy diwali Mug ,1.00,0.00,1.00,1.00
Performer ,1.00,0.00,1.00,1.00
Old mug ,1.00,0.00,1.00,1.00
Male woolen cap ,1.00,0.00,1.00,1.00
Room Freshener (Air- Freshener ) ,11.00,10.00,1.00,1.00
Casrol,3.00,2.00,1.00,1.00
red harpic,3.00,2.00,1.00,1.00